{
    "formulas" : [
    {
        "name": "1",
        "formula": "a"
    },
    {
        "name": "2",
        "formula": "¬a"
    },
    {
        "name": "3",
        "formula": "(a^b)"
    },
    {
        "name": "4",
        "formula": "EX(a)"
    },
    {
        "name": "5",
        "formula": "E(aUb)"
    },
    {
        "name": "6",
        "formula": "A(aUb)"
    },
    {
        "name": "7",
        "formula": "¬A(aUb)"
    },
    {
        "name": "8",
        "formula": "EG(b)"
    },
    {
        "name": "9",
        "formula": "AX(EF(¬(b)))"
    },
    {
        "name": "10",
        "formula": "AG(EF(a))"
    },
    {
        "name": "11",
        "formula": "¬(EF(EF(AG(b))))"
    },
    {
        "name": "12",
        "formula": "AG(EF(a))^c"
    },
    {
        "name": "13",
        "formula": "(EX(AG(EF(a)))^(¬EF(EF(AG(b))))"
    }]
}

