{
  "initialStates": [ "S0", "S3" ],
  "states":
  [{
    "name": "S0",
    "values": [ "a" ],
    "transitions": [ "S0", "S1" ]
  },
    {
      "name": "S1",
      "values": [ "c" ],
      "transitions": [ "S2" ]
    },
    {
      "name": "S2",
      "values": [ "d" ],
      "transitions": [ "S1", "S3" ]
    },
    {
      "name": "S3",
      "values": [ "a", "b" ],
      "transitions": [ "S4" ]
    },
    {
      "name": "S4",
      "values": [ "a", "b" ],
      "transitions": [ "S5" ]
    },
    {
      "name": "S5",
      "values": [ "a", "b" ],
      "transitions": [ "S4", "S5" ]
    }]
}